<?xml version = "1.0" encoding = "UTF-8" ?>


<pessoas>
    <aluno>
        <nome>Lilíca</nome>
        <idade>89</idade>
    </aluno>
    <aluno>
        <nome>Garibaldo</nome>
        <idade>104</idade>
    </aluno>
    <aluno>
        <nome>Garibaldo</nome>
        <idade>104</idade>
    </aluno>
    <aluno>
        <nome>Garibaldo</nome>
        <idade>104</idade>
    </aluno>
    <aluno>
        <nome>Garibaldo</nome>
        <idade>104</idade>
    </aluno>
    <aluno>
        <nome>Garibaldo</nome>
        <idade>104</idade>
    </aluno>
    <aluno>
        <nome>Garibaldo</nome>
        <idade>104</idade>
    </aluno>

    <aluno>
        <nome>Garibaldo</nome>
        <idade>104</idade>
    </aluno>

    <aluno>
        <nome>Garibaldo</nome>
        <idade>104</idade>
    </aluno>

    <aluno>
        <nome>Garibaldo</nome>
        <idade>104</idade>
    </aluno>

</pessoas>